LineId,Label,Timestamp,Date,Node,Time,NodeRepeat,Type,Component,Level,Content,EventId,EventTemplate,ParameterList
1719,KERNREC,1131499523,2005.11.08,R62-M0-N2-C:J09-U11,2005-11-08-17.25.23.131318,R62-M0-N2-C:J09-U11,RAS,KERNEL,FATAL,"Error receiving packet on tree network, expecting type 57 instead of type 3 (softheader=00589370 90990003 00000002 00000000) PSR0=00001f01 PSR1=00000000 PRXF=00000002 PIXF=00000007",ed0daeee,"Error receiving packet on tree network, expecting type 57 instead of type 3 <*> <*> 00000002 00000000) <*> PSR1=00000000 PRXF=00000002 PIXF=00000007","['(softheader=00589370 90990003', 'PSR0=00001f01']"
1735,-,1131624435,2005.11.10,R22-M1-N1-C:J17-U11,2005-11-10-04.07.15.804295,R22-M1-N1-C:J17-U11,RAS,KERNEL,INFO,3 L3 EDRAM error(s) (dcr 0x0157) detected and corrected,e8a1ed5d,3 L3 EDRAM error(s) (dcr 0x0157) detected and corrected,[]
1749,KERNREC,1132021541,2005.11.14,R46-M1-NF-C:J11-U01,2005-11-14-18.25.41.161796,R46-M1-NF-C:J11-U01,RAS,KERNEL,FATAL,"Error receiving packet on tree network, expecting type 57 instead of type 3 (softheader=00ce22e8 e6200003 00000002 00000000) PSR0=00001f01 PSR1=00000000 PRXF=00000002 PIXF=00000007",ed0daeee,"Error receiving packet on tree network, expecting type 57 instead of type 3 <*> <*> 00000002 00000000) <*> PSR1=00000000 PRXF=00000002 PIXF=00000007","['(softheader=00ce22e8 e6200003', 'PSR0=00001f01']"
1750,KERNREC,1132021542,2005.11.14,R46-M1-N1-C:J02-U01,2005-11-14-18.25.42.152117,R46-M1-N1-C:J02-U01,RAS,KERNEL,FATAL,"Error receiving packet on tree network, expecting type 57 instead of type 3 (softheader=00ce22e8 e6200003 00000002 00000000) PSR0=20021f01 PSR1=00000000 PRXF=00000002 PIXF=00000007",ed0daeee,"Error receiving packet on tree network, expecting type 57 instead of type 3 <*> <*> 00000002 00000000) <*> PSR1=00000000 PRXF=00000002 PIXF=00000007","['(softheader=00ce22e8 e6200003', 'PSR0=20021f01']"
1751,-,1132062083,2005.11.15,R05-M0-NC-C:J04-U11,2005-11-15-05.41.23.201247,R05-M0-NC-C:J04-U11,RAS,KERNEL,INFO,"critical input interrupt (unit=0x0b bit=0x0a): warning for torus z+ wire, suppressing further interrupts of same type",825e06cc,"critical input interrupt (unit=0x0b <*> warning for <*> <*> wire, suppressing further interrupts of same type","['bit=0x0a):', 'torus z+']"
1758,KERNREC,1132111278,2005.11.15,R57-M0-N8-C:J12-U01,2005-11-15-19.21.18.471861,R57-M0-N8-C:J12-U01,RAS,KERNEL,FATAL,"Error receiving packet on tree network, expecting type 57 instead of type 3 (softheader=009756d5 8bfa0003 00000002 00000000) PSR0=20021f01 PSR1=00000000 PRXF=00000002 PIXF=00000007",ed0daeee,"Error receiving packet on tree network, expecting type 57 instead of type 3 <*> <*> 00000002 00000000) <*> PSR1=00000000 PRXF=00000002 PIXF=00000007","['(softheader=009756d5 8bfa0003', 'PSR0=20021f01']"
1760,-,1132234526,2005.11.17,R72-M1-NE-C:J04-U01,2005-11-17-05.35.26.782649,R72-M1-NE-C:J04-U01,RAS,KERNEL,INFO,18507114 torus sender z- retransmission error(s) (dcr 0x02f9) detected and corrected over 198 seconds,bbb20c30,<*> torus sender z- retransmission error(s) (dcr 0x02f9) detected and corrected over <*> seconds,"['18507114', '198']"
1761,-,1132236972,2005.11.17,R72-M1-N6-C:J04-U01,2005-11-17-06.16.12.504899,R72-M1-N6-C:J04-U01,RAS,KERNEL,INFO,26741629 torus sender z- retransmission error(s) (dcr 0x02f9) detected and corrected over 268 seconds,bbb20c30,<*> torus sender z- retransmission error(s) (dcr 0x02f9) detected and corrected over <*> seconds,"['26741629', '268']"
1762,-,1132320935,2005.11.18,R02-M1-NC-I:J18-U01,2005-11-18-05.35.35.752458,R02-M1-NC-I:J18-U01,RAS,KERNEL,INFO,"ciod: Received signal 15, code=0, errno=0, address=0x000001b0",b0de29a2,"ciod: Received signal 15, code=0, errno=0, <*>",['address=0x000001b0']
1763,-,1132326853,2005.11.18,R63-M1-N4-I:J18-U01,2005-11-18-07.14.13.952254,R63-M1-N4-I:J18-U01,RAS,KERNEL,INFO,"ciod: Received signal 15, code=0, errno=0, address=0x000001b0",b0de29a2,"ciod: Received signal 15, code=0, errno=0, <*>",['address=0x000001b0']
1764,-,1132328434,2005.11.18,R35-M0-NC-I:J18-U11,2005-11-18-07.40.34.306398,R35-M0-NC-I:J18-U11,RAS,KERNEL,INFO,"ciod: Received signal 15, code=0, errno=0, address=0x000001b0",b0de29a2,"ciod: Received signal 15, code=0, errno=0, <*>",['address=0x000001b0']
1769,-,1132579592,2005.11.21,R10-M1-N0-I:J18-U11,2005-11-21-05.26.32.169664,R10-M1-N0-I:J18-U11,RAS,KERNEL,INFO,"ciod: Received signal 15, code=0, errno=0, address=0x000001b0",b0de29a2,"ciod: Received signal 15, code=0, errno=0, <*>",['address=0x000001b0']
1770,-,1132584089,2005.11.21,R26-M0-N0-I:J18-U11,2005-11-21-06.41.29.787206,R26-M0-N0-I:J18-U11,RAS,KERNEL,INFO,MACHINE CHECK DCR read timeout (mc=e08x iar 0x00000000 lr 0xc00045a4),5a695884,MACHINE CHECK DCR read timeout (mc=e08x iar 0x00000000 lr 0xc00045a4),[]
1771,-,1132584495,2005.11.21,R26-M0-N0-I:J18-U11,2005-11-21-06.48.15.351050,R26-M0-N0-I:J18-U11,RAS,KERNEL,INFO,MACHINE CHECK DCR read timeout (mc=e08x iar 0x00000000 lr 0xc00045a4),5a695884,MACHINE CHECK DCR read timeout (mc=e08x iar 0x00000000 lr 0xc00045a4),[]
1772,-,1132584963,2005.11.21,R26-M0-N0-I:J18-U11,2005-11-21-06.56.03.369673,R26-M0-N0-I:J18-U11,RAS,KERNEL,INFO,MACHINE CHECK DCR read timeout (mc=e08x iar 0x00000000 lr 0xc00045a4),5a695884,MACHINE CHECK DCR read timeout (mc=e08x iar 0x00000000 lr 0xc00045a4),[]
1773,-,1132585070,2005.11.21,R26-M0-N0-I:J18-U11,2005-11-21-06.57.50.899596,R26-M0-N0-I:J18-U11,RAS,KERNEL,INFO,MACHINE CHECK DCR read timeout (mc=e08x iar 0x00000000 lr 0xc00045a4),5a695884,MACHINE CHECK DCR read timeout (mc=e08x iar 0x00000000 lr 0xc00045a4),[]
1774,-,1132585230,2005.11.21,R26-M0-N0-I:J18-U11,2005-11-21-07.00.30.773283,R26-M0-N0-I:J18-U11,RAS,KERNEL,INFO,MACHINE CHECK DCR read timeout (mc=e08x iar 0x00000000 lr 0xc00045a4),5a695884,MACHINE CHECK DCR read timeout (mc=e08x iar 0x00000000 lr 0xc00045a4),[]
1775,-,1132586440,2005.11.21,R26-M0-N0-I:J18-U11,2005-11-21-07.20.40.564558,R26-M0-N0-I:J18-U11,RAS,KERNEL,INFO,MACHINE CHECK DCR read timeout (mc=e08x iar 0x00000000 lr 0xc00045a4),5a695884,MACHINE CHECK DCR read timeout (mc=e08x iar 0x00000000 lr 0xc00045a4),[]
1776,-,1132586451,2005.11.21,R26-M0-N0-I:J18-U11,2005-11-21-07.20.51.661738,R26-M0-N0-I:J18-U11,RAS,KERNEL,INFO,MACHINE CHECK DCR read timeout (mc=e08x iar 0x00000000 lr 0xc00045a4),5a695884,MACHINE CHECK DCR read timeout (mc=e08x iar 0x00000000 lr 0xc00045a4),[]
1777,-,1132596009,2005.11.21,R16-M0-NC-I:J18-U01,2005-11-21-10.00.09.399765,R16-M0-NC-I:J18-U01,RAS,KERNEL,INFO,"ciod: Received signal 15, code=0, errno=0, address=0x000001b2",b0de29a2,"ciod: Received signal 15, code=0, errno=0, <*>",['address=0x000001b2']
1779,APPRES,1132609258,2005.11.21,R13-M1-N4-I:J18-U11,2005-11-21-13.40.58.052836,R13-M1-N4-I:J18-U11,RAS,APP,FATAL,"ciod: Error reading message prefix on CioStream socket to 172.16.96.116:52839, Connection reset by peer",ad69fd32,ciod: Error reading message prefix on CioStream socket to <*> <*> <*> <*> <*>,"['172.16.96.116:52839,', 'Connection', 'reset by peer']"
1780,-,1132609277,2005.11.21,R55-M0-NC-I:J18-U01,2005-11-21-13.41.17.863430,R55-M0-NC-I:J18-U01,RAS,KERNEL,INFO,"ciod: Received signal 15, code=0, errno=0, address=0x0000044a",b0de29a2,"ciod: Received signal 15, code=0, errno=0, <*>",['address=0x0000044a']
1781,APPRES,1132609304,2005.11.21,R22-M0-N0-I:J18-U01,2005-11-21-13.41.44.752517,R22-M0-N0-I:J18-U01,RAS,APP,FATAL,"ciod: Error reading message prefix on CioStream socket to 172.16.96.116:52930, Connection reset by peer",ad69fd32,ciod: Error reading message prefix on CioStream socket to <*> <*> <*> <*> <*>,"['172.16.96.116:52930,', 'Connection', 'reset by peer']"
1782,-,1132609314,2005.11.21,R36-M1-N4-I:J18-U11,2005-11-21-13.41.54.797197,R36-M1-N4-I:J18-U11,RAS,KERNEL,INFO,"ciod: Received signal 15, code=0, errno=0, address=0x0000044d",b0de29a2,"ciod: Received signal 15, code=0, errno=0, <*>",['address=0x0000044d']
1783,APPRES,1132609342,2005.11.21,R65-M1-NC-I:J18-U11,2005-11-21-13.42.22.905034,R65-M1-NC-I:J18-U11,RAS,APP,FATAL,"ciod: Error reading message prefix on CioStream socket to 172.16.96.116:53387, Connection reset by peer",ad69fd32,ciod: Error reading message prefix on CioStream socket to <*> <*> <*> <*> <*>,"['172.16.96.116:53387,', 'Connection', 'reset by peer']"
1785,APPRES,1132613769,2005.11.21,R66-M1-N8-I:J18-U01,2005-11-21-14.56.09.042983,R66-M1-N8-I:J18-U01,RAS,APP,FATAL,"ciod: Error reading message prefix on CioStream socket to 172.16.96.116:41587, Connection reset by peer",ad69fd32,ciod: Error reading message prefix on CioStream socket to <*> <*> <*> <*> <*>,"['172.16.96.116:41587,', 'Connection', 'reset by peer']"
1787,-,1132841276,2005.11.24,R03-M1-NF-C:J07-U01,2005-11-24-06.07.56.407913,R03-M1-NF-C:J07-U01,RAS,KERNEL,FATAL,dbcr0=0x00000000 dbsr=0x00000000 ccr0=0x40002000,8a5c46f9,dbcr0=0x00000000 dbsr=0x00000000 ccr0=0x40002000,[]
1788,APPSEV,1132853885,2005.11.24,R14-M0-N8-I:J18-U01,2005-11-24-09.38.05.459006,R14-M0-N8-I:J18-U01,RAS,APP,FATAL,"ciod: Error reading message prefix on CioStream socket to 172.16.96.116:41534, Link has been severed",ad69fd32,ciod: Error reading message prefix on CioStream socket to <*> <*> <*> <*> <*>,"['172.16.96.116:41534,', 'Link', 'has been severed']"
1789,-,1132870645,2005.11.24,R77-M0-N4-I:J18-U01,2005-11-24-14.17.25.200932,R77-M0-N4-I:J18-U01,RAS,KERNEL,INFO,"ciod: Received signal 15, code=0, errno=0, address=0x00001a12",b0de29a2,"ciod: Received signal 15, code=0, errno=0, <*>",['address=0x00001a12']
1790,APPSEV,1132912103,2005.11.25,R45-M1-N0-I:J18-U01,2005-11-25-01.48.23.054823,R45-M1-N0-I:J18-U01,RAS,APP,FATAL,"ciod: Error reading message prefix on CioStream socket to 172.16.96.116:54780, Link has been severed",ad69fd32,ciod: Error reading message prefix on CioStream socket to <*> <*> <*> <*> <*>,"['172.16.96.116:54780,', 'Link', 'has been severed']"
1791,-,1132969138,2005.11.25,R76-M0-NC-I:J18-U11,2005-11-25-17.38.58.840897,R76-M0-NC-I:J18-U11,RAS,KERNEL,INFO,"ciod: Received signal 15, code=0, errno=0, address=0x000001f8",b0de29a2,"ciod: Received signal 15, code=0, errno=0, <*>",['address=0x000001f8']
1792,APPSEV,1133009333,2005.11.26,R54-M0-N0-I:J18-U01,2005-11-26-04.48.53.869394,R54-M0-N0-I:J18-U01,RAS,APP,FATAL,"ciod: Error reading message prefix on CioStream socket to 172.16.96.116:60243, Link has been severed",ad69fd32,ciod: Error reading message prefix on CioStream socket to <*> <*> <*> <*> <*>,"['172.16.96.116:60243,', 'Link', 'has been severed']"
1793,-,1133011728,2005.11.26,R72-M1-NC-I:J18-U11,2005-11-26-05.28.48.120288,R72-M1-NC-I:J18-U11,RAS,KERNEL,INFO,"ciod: Received signal 15, code=0, errno=0, address=0x000001f5",b0de29a2,"ciod: Received signal 15, code=0, errno=0, <*>",['address=0x000001f5']
1794,-,1133011767,2005.11.26,R01-M1-NC-I:J18-U11,2005-11-26-05.29.27.205468,R01-M1-NC-I:J18-U11,RAS,KERNEL,INFO,"ciod: Received signal 15, code=0, errno=0, address=0x000001f2",b0de29a2,"ciod: Received signal 15, code=0, errno=0, <*>",['address=0x000001f2']
1795,APPSEV,1133044906,2005.11.26,R33-M1-N4-I:J18-U11,2005-11-26-14.41.46.876542,R33-M1-N4-I:J18-U11,RAS,APP,FATAL,"ciod: Error reading message prefix on CioStream socket to 172.16.96.116:47189, Link has been severed",ad69fd32,ciod: Error reading message prefix on CioStream socket to <*> <*> <*> <*> <*>,"['172.16.96.116:47189,', 'Link', 'has been severed']"
1797,-,1133052171,2005.11.26,R14-M1-NC-I:J18-U01,2005-11-26-16.42.51.171566,R14-M1-NC-I:J18-U01,RAS,KERNEL,INFO,"ciod: Received signal 15, code=0, errno=0, address=0x000001f2",b0de29a2,"ciod: Received signal 15, code=0, errno=0, <*>",['address=0x000001f2']
1798,-,1133150722,2005.11.27,R15-M0-N0-I:J18-U11,2005-11-27-20.05.22.588765,R15-M0-N0-I:J18-U11,RAS,KERNEL,INFO,"ciod: Received signal 15, code=0, errno=0, address=0x000001f5",b0de29a2,"ciod: Received signal 15, code=0, errno=0, <*>",['address=0x000001f5']
1800,-,1133306285,2005.11.29,R60-M0-N4-I:J18-U01,2005-11-29-15.18.05.050463,R60-M0-N4-I:J18-U01,RAS,KERNEL,INFO,"ciod: Received signal 15, code=0, errno=0, address=0x000001f2",b0de29a2,"ciod: Received signal 15, code=0, errno=0, <*>",['address=0x000001f2']
1801,-,1133306326,2005.11.29,R21-M0-N8-I:J18-U01,2005-11-29-15.18.46.642475,R21-M0-N8-I:J18-U01,RAS,KERNEL,INFO,"ciod: Received signal 15, code=0, errno=0, address=0x000001f2",b0de29a2,"ciod: Received signal 15, code=0, errno=0, <*>",['address=0x000001f2']
1803,-,1133317778,2005.11.29,R01-M1-NC-I:J18-U01,2005-11-29-18.29.38.531250,R01-M1-NC-I:J18-U01,RAS,KERNEL,INFO,"ciod: Received signal 15, code=0, errno=0, address=0x000001f5",b0de29a2,"ciod: Received signal 15, code=0, errno=0, <*>",['address=0x000001f5']
1810,-,1133447728,2005.12.01,R06-M0-N3-C:J13-U11,2005-12-01-06.35.28.126758,R06-M0-N3-C:J13-U11,RAS,KERNEL,INFO,"10722 total interrupts. 0 critical input interrupts. 0 microseconds total spent on critical input interrupts, 0 microseconds max time in a critical input interrupt.",125fee2b,"<*> total interrupts. 0 critical input interrupts. 0 microseconds total spent on critical input interrupts, 0 microseconds max time in a critical input interrupt.",['10722']
1811,-,1133447738,2005.12.01,R10-M0-N7-C:J08-U11,2005-12-01-06.35.38.328553,R10-M0-N7-C:J08-U11,RAS,KERNEL,INFO,"10740 total interrupts. 0 critical input interrupts. 0 microseconds total spent on critical input interrupts, 0 microseconds max time in a critical input interrupt.",125fee2b,"<*> total interrupts. 0 critical input interrupts. 0 microseconds total spent on critical input interrupts, 0 microseconds max time in a critical input interrupt.",['10740']
1812,-,1133447761,2005.12.01,R17-M0-N8-C:J09-U11,2005-12-01-06.36.01.057694,R17-M0-N8-C:J09-U11,RAS,KERNEL,INFO,"10744 total interrupts. 0 critical input interrupts. 0 microseconds total spent on critical input interrupts, 0 microseconds max time in a critical input interrupt.",125fee2b,"<*> total interrupts. 0 critical input interrupts. 0 microseconds total spent on critical input interrupts, 0 microseconds max time in a critical input interrupt.",['10744']
1813,-,1133447763,2005.12.01,R06-M0-N7-C:J05-U01,2005-12-01-06.36.03.872611,R06-M0-N7-C:J05-U01,RAS,KERNEL,INFO,"10700 total interrupts. 0 critical input interrupts. 0 microseconds total spent on critical input interrupts, 0 microseconds max time in a critical input interrupt.",125fee2b,"<*> total interrupts. 0 critical input interrupts. 0 microseconds total spent on critical input interrupts, 0 microseconds max time in a critical input interrupt.",['10700']
1814,-,1133447776,2005.12.01,R16-M0-N4-C:J07-U11,2005-12-01-06.36.16.876079,R16-M0-N4-C:J07-U11,RAS,KERNEL,INFO,"10732 total interrupts. 0 critical input interrupts. 0 microseconds total spent on critical input interrupts, 0 microseconds max time in a critical input interrupt.",125fee2b,"<*> total interrupts. 0 critical input interrupts. 0 microseconds total spent on critical input interrupts, 0 microseconds max time in a critical input interrupt.",['10732']
1817,-,1133447940,2005.12.01,R36-M0-NB-C:J12-U01,2005-12-01-06.39.00.882940,R36-M0-NB-C:J12-U01,RAS,KERNEL,INFO,"10655 total interrupts. 0 critical input interrupts. 0 microseconds total spent on critical input interrupts, 0 microseconds max time in a critical input interrupt.",125fee2b,"<*> total interrupts. 0 critical input interrupts. 0 microseconds total spent on critical input interrupts, 0 microseconds max time in a critical input interrupt.",['10655']
1818,-,1133447941,2005.12.01,R13-M0-NA-C:J08-U01,2005-12-01-06.39.01.729708,R13-M0-NA-C:J08-U01,RAS,KERNEL,INFO,"10650 total interrupts. 0 critical input interrupts. 0 microseconds total spent on critical input interrupts, 0 microseconds max time in a critical input interrupt.",125fee2b,"<*> total interrupts. 0 critical input interrupts. 0 microseconds total spent on critical input interrupts, 0 microseconds max time in a critical input interrupt.",['10650']
1820,-,1133447964,2005.12.01,R34-M0-N8-C:J06-U11,2005-12-01-06.39.24.979006,R34-M0-N8-C:J06-U11,RAS,KERNEL,INFO,"10686 total interrupts. 0 critical input interrupts. 0 microseconds total spent on critical input interrupts, 0 microseconds max time in a critical input interrupt.",125fee2b,"<*> total interrupts. 0 critical input interrupts. 0 microseconds total spent on critical input interrupts, 0 microseconds max time in a critical input interrupt.",['10686']
1822,-,1133448052,2005.12.01,R33-M1-N7-C:J12-U01,2005-12-01-06.40.52.287178,R33-M1-N7-C:J12-U01,RAS,KERNEL,INFO,"10674 total interrupts. 0 critical input interrupts. 0 microseconds total spent on critical input interrupts, 0 microseconds max time in a critical input interrupt.",125fee2b,"<*> total interrupts. 0 critical input interrupts. 0 microseconds total spent on critical input interrupts, 0 microseconds max time in a critical input interrupt.",['10674']
1823,-,1133448053,2005.12.01,R37-M0-N3-C:J11-U11,2005-12-01-06.40.53.513066,R37-M0-N3-C:J11-U11,RAS,KERNEL,INFO,"10722 total interrupts. 0 critical input interrupts. 0 microseconds total spent on critical input interrupts, 0 microseconds max time in a critical input interrupt.",125fee2b,"<*> total interrupts. 0 critical input interrupts. 0 microseconds total spent on critical input interrupts, 0 microseconds max time in a critical input interrupt.",['10722']
1825,-,1133448080,2005.12.01,R56-M0-N1-C:J05-U11,2005-12-01-06.41.20.180521,R56-M0-N1-C:J05-U11,RAS,KERNEL,INFO,"10730 total interrupts. 0 critical input interrupts. 0 microseconds total spent on critical input interrupts, 0 microseconds max time in a critical input interrupt.",125fee2b,"<*> total interrupts. 0 critical input interrupts. 0 microseconds total spent on critical input interrupts, 0 microseconds max time in a critical input interrupt.",['10730']
1826,-,1133448086,2005.12.01,R37-M1-NE-C:J04-U11,2005-12-01-06.41.26.523789,R37-M1-NE-C:J04-U11,RAS,KERNEL,INFO,"10686 total interrupts. 0 critical input interrupts. 0 microseconds total spent on critical input interrupts, 0 microseconds max time in a critical input interrupt.",125fee2b,"<*> total interrupts. 0 critical input interrupts. 0 microseconds total spent on critical input interrupts, 0 microseconds max time in a critical input interrupt.",['10686']
1827,-,1133448090,2005.12.01,R50-M0-N9-C:J11-U01,2005-12-01-06.41.30.114225,R50-M0-N9-C:J11-U01,RAS,KERNEL,INFO,"10692 total interrupts. 0 critical input interrupts. 0 microseconds total spent on critical input interrupts, 0 microseconds max time in a critical input interrupt.",125fee2b,"<*> total interrupts. 0 critical input interrupts. 0 microseconds total spent on critical input interrupts, 0 microseconds max time in a critical input interrupt.",['10692']
1828,-,1133448110,2005.12.01,R56-M0-N9-C:J08-U01,2005-12-01-06.41.50.888337,R56-M0-N9-C:J08-U01,RAS,KERNEL,INFO,"10660 total interrupts. 0 critical input interrupts. 0 microseconds total spent on critical input interrupts, 0 microseconds max time in a critical input interrupt.",125fee2b,"<*> total interrupts. 0 critical input interrupts. 0 microseconds total spent on critical input interrupts, 0 microseconds max time in a critical input interrupt.",['10660']
1829,-,1133448160,2005.12.01,R37-M1-N0-C:J16-U11,2005-12-01-06.42.40.072946,R37-M1-N0-C:J16-U11,RAS,KERNEL,INFO,"10752 total interrupts. 0 critical input interrupts. 0 microseconds total spent on critical input interrupts, 0 microseconds max time in a critical input interrupt.",125fee2b,"<*> total interrupts. 0 critical input interrupts. 0 microseconds total spent on critical input interrupts, 0 microseconds max time in a critical input interrupt.",['10752']
1830,-,1133448166,2005.12.01,R32-M0-N4-C:J17-U11,2005-12-01-06.42.46.338885,R32-M0-N4-C:J17-U11,RAS,KERNEL,INFO,"10732 total interrupts. 0 critical input interrupts. 0 microseconds total spent on critical input interrupts, 0 microseconds max time in a critical input interrupt.",125fee2b,"<*> total interrupts. 0 critical input interrupts. 0 microseconds total spent on critical input interrupts, 0 microseconds max time in a critical input interrupt.",['10732']
1832,-,1133448168,2005.12.01,R32-M1-NC-C:J16-U11,2005-12-01-06.42.48.626892,R32-M1-NC-C:J16-U11,RAS,KERNEL,INFO,"10676 total interrupts. 0 critical input interrupts. 0 microseconds total spent on critical input interrupts, 0 microseconds max time in a critical input interrupt.",125fee2b,"<*> total interrupts. 0 critical input interrupts. 0 microseconds total spent on critical input interrupts, 0 microseconds max time in a critical input interrupt.",['10676']
1833,-,1133448263,2005.12.01,R52-M0-N5-C:J10-U01,2005-12-01-06.44.23.178101,R52-M0-N5-C:J10-U01,RAS,KERNEL,INFO,"10752 total interrupts. 0 critical input interrupts. 0 microseconds total spent on critical input interrupts, 0 microseconds max time in a critical input interrupt.",125fee2b,"<*> total interrupts. 0 critical input interrupts. 0 microseconds total spent on critical input interrupts, 0 microseconds max time in a critical input interrupt.",['10752']
1835,-,1133448296,2005.12.01,R72-M0-NF-C:J15-U11,2005-12-01-06.44.56.029154,R72-M0-NF-C:J15-U11,RAS,KERNEL,INFO,"10728 total interrupts. 0 critical input interrupts. 0 microseconds total spent on critical input interrupts, 0 microseconds max time in a critical input interrupt.",125fee2b,"<*> total interrupts. 0 critical input interrupts. 0 microseconds total spent on critical input interrupts, 0 microseconds max time in a critical input interrupt.",['10728']
1836,-,1133448298,2005.12.01,R73-M1-N7-C:J04-U01,2005-12-01-06.44.58.829439,R73-M1-N7-C:J04-U01,RAS,KERNEL,INFO,"10712 total interrupts. 0 critical input interrupts. 0 microseconds total spent on critical input interrupts, 0 microseconds max time in a critical input interrupt.",125fee2b,"<*> total interrupts. 0 critical input interrupts. 0 microseconds total spent on critical input interrupts, 0 microseconds max time in a critical input interrupt.",['10712']
1837,-,1133448302,2005.12.01,R75-M0-N4-C:J12-U01,2005-12-01-06.45.02.528716,R75-M0-N4-C:J12-U01,RAS,KERNEL,INFO,"10718 total interrupts. 0 critical input interrupts. 0 microseconds total spent on critical input interrupts, 0 microseconds max time in a critical input interrupt.",125fee2b,"<*> total interrupts. 0 critical input interrupts. 0 microseconds total spent on critical input interrupts, 0 microseconds max time in a critical input interrupt.",['10718']
1838,-,1133448306,2005.12.01,R53-M0-N1-C:J11-U11,2005-12-01-06.45.06.711202,R53-M0-N1-C:J11-U11,RAS,KERNEL,INFO,"10722 total interrupts. 0 critical input interrupts. 0 microseconds total spent on critical input interrupts, 0 microseconds max time in a critical input interrupt.",125fee2b,"<*> total interrupts. 0 critical input interrupts. 0 microseconds total spent on critical input interrupts, 0 microseconds max time in a critical input interrupt.",['10722']
1839,-,1133448310,2005.12.01,R76-M1-NC-C:J16-U01,2005-12-01-06.45.10.211281,R76-M1-NC-C:J16-U01,RAS,KERNEL,INFO,"10644 total interrupts. 0 critical input interrupts. 0 microseconds total spent on critical input interrupts, 0 microseconds max time in a critical input interrupt.",125fee2b,"<*> total interrupts. 0 critical input interrupts. 0 microseconds total spent on critical input interrupts, 0 microseconds max time in a critical input interrupt.",['10644']
1843,-,1133448439,2005.12.01,R73-M0-N2-C:J11-U11,2005-12-01-06.47.19.872148,R73-M0-N2-C:J11-U11,RAS,KERNEL,INFO,"10738 total interrupts. 0 critical input interrupts. 0 microseconds total spent on critical input interrupts, 0 microseconds max time in a critical input interrupt.",125fee2b,"<*> total interrupts. 0 critical input interrupts. 0 microseconds total spent on critical input interrupts, 0 microseconds max time in a critical input interrupt.",['10738']
1844,-,1133448448,2005.12.01,R73-M0-NE-C:J14-U01,2005-12-01-06.47.28.616018,R73-M0-NE-C:J14-U01,RAS,KERNEL,INFO,"10646 total interrupts. 0 critical input interrupts. 0 microseconds total spent on critical input interrupts, 0 microseconds max time in a critical input interrupt.",125fee2b,"<*> total interrupts. 0 critical input interrupts. 0 microseconds total spent on critical input interrupts, 0 microseconds max time in a critical input interrupt.",['10646']
1846,-,1133448468,2005.12.01,R77-M0-N5-C:J04-U11,2005-12-01-06.47.48.847938,R77-M0-N5-C:J04-U11,RAS,KERNEL,INFO,"10710 total interrupts. 0 critical input interrupts. 0 microseconds total spent on critical input interrupts, 0 microseconds max time in a critical input interrupt.",125fee2b,"<*> total interrupts. 0 critical input interrupts. 0 microseconds total spent on critical input interrupts, 0 microseconds max time in a critical input interrupt.",['10710']
1849,-,1133448491,2005.12.01,R45-M0-N4-C:J13-U01,2005-12-01-06.48.11.378453,R45-M0-N4-C:J13-U01,RAS,KERNEL,INFO,"10706 total interrupts. 0 critical input interrupts. 0 microseconds total spent on critical input interrupts, 0 microseconds max time in a critical input interrupt.",125fee2b,"<*> total interrupts. 0 critical input interrupts. 0 microseconds total spent on critical input interrupts, 0 microseconds max time in a critical input interrupt.",['10706']
1852,-,1133448588,2005.12.01,R46-M1-N5-C:J16-U01,2005-12-01-06.49.48.883198,R46-M1-N5-C:J16-U01,RAS,KERNEL,INFO,"10765 total interrupts. 0 critical input interrupts. 0 microseconds total spent on critical input interrupts, 0 microseconds max time in a critical input interrupt.",125fee2b,"<*> total interrupts. 0 critical input interrupts. 0 microseconds total spent on critical input interrupts, 0 microseconds max time in a critical input interrupt.",['10765']
1854,-,1133448653,2005.12.01,R27-M1-N9-C:J09-U01,2005-12-01-06.50.53.822651,R27-M1-N9-C:J09-U01,RAS,KERNEL,INFO,"10698 total interrupts. 0 critical input interrupts. 0 microseconds total spent on critical input interrupts, 0 microseconds max time in a critical input interrupt.",125fee2b,"<*> total interrupts. 0 critical input interrupts. 0 microseconds total spent on critical input interrupts, 0 microseconds max time in a critical input interrupt.",['10698']
1855,-,1133448656,2005.12.01,R27-M1-NA-C:J05-U11,2005-12-01-06.50.56.045860,R27-M1-NA-C:J05-U11,RAS,KERNEL,INFO,"10744 total interrupts. 0 critical input interrupts. 0 microseconds total spent on critical input interrupts, 0 microseconds max time in a critical input interrupt.",125fee2b,"<*> total interrupts. 0 critical input interrupts. 0 microseconds total spent on critical input interrupts, 0 microseconds max time in a critical input interrupt.",['10744']
1856,-,1133448658,2005.12.01,R27-M0-NE-C:J17-U11,2005-12-01-06.50.58.300024,R27-M0-NE-C:J17-U11,RAS,KERNEL,INFO,"10740 total interrupts. 0 critical input interrupts. 0 microseconds total spent on critical input interrupts, 0 microseconds max time in a critical input interrupt.",125fee2b,"<*> total interrupts. 0 critical input interrupts. 0 microseconds total spent on critical input interrupts, 0 microseconds max time in a critical input interrupt.",['10740']
1858,-,1133448686,2005.12.01,R45-M1-N8-C:J14-U11,2005-12-01-06.51.26.654520,R45-M1-N8-C:J14-U11,RAS,KERNEL,INFO,"10684 total interrupts. 0 critical input interrupts. 0 microseconds total spent on critical input interrupts, 0 microseconds max time in a critical input interrupt.",125fee2b,"<*> total interrupts. 0 critical input interrupts. 0 microseconds total spent on critical input interrupts, 0 microseconds max time in a critical input interrupt.",['10684']
1859,-,1133448690,2005.12.01,R26-M1-N8-C:J08-U01,2005-12-01-06.51.30.715510,R26-M1-N8-C:J08-U01,RAS,KERNEL,INFO,"10652 total interrupts. 0 critical input interrupts. 0 microseconds total spent on critical input interrupts, 0 microseconds max time in a critical input interrupt.",125fee2b,"<*> total interrupts. 0 critical input interrupts. 0 microseconds total spent on critical input interrupts, 0 microseconds max time in a critical input interrupt.",['10652']
1863,-,1133449350,2005.12.01,R20-M1-N5-C:J04-U01,2005-12-01-07.02.30.989473,R20-M1-N5-C:J04-U01,RAS,KERNEL,INFO,"1966 total interrupts. 0 critical input interrupts. 0 microseconds total spent on critical input interrupts, 0 microseconds max time in a critical input interrupt.",125fee2b,"<*> total interrupts. 0 critical input interrupts. 0 microseconds total spent on critical input interrupts, 0 microseconds max time in a critical input interrupt.",['1966']
1865,-,1133454582,2005.12.01,R14-M1-NA-C:J11-U11,2005-12-01-08.29.42.047463,R14-M1-NA-C:J11-U11,RAS,KERNEL,INFO,"10738 total interrupts. 0 critical input interrupts. 0 microseconds total spent on critical input interrupts, 0 microseconds max time in a critical input interrupt.",125fee2b,"<*> total interrupts. 0 critical input interrupts. 0 microseconds total spent on critical input interrupts, 0 microseconds max time in a critical input interrupt.",['10738']
1867,-,1133454588,2005.12.01,R06-M0-N2-C:J09-U01,2005-12-01-08.29.48.814199,R06-M0-N2-C:J09-U01,RAS,KERNEL,INFO,"10714 total interrupts. 0 critical input interrupts. 0 microseconds total spent on critical input interrupts, 0 microseconds max time in a critical input interrupt.",125fee2b,"<*> total interrupts. 0 critical input interrupts. 0 microseconds total spent on critical input interrupts, 0 microseconds max time in a critical input interrupt.",['10714']
1869,-,1133454594,2005.12.01,R04-M0-N6-C:J10-U01,2005-12-01-08.29.54.636421,R04-M0-N6-C:J10-U01,RAS,KERNEL,INFO,"10718 total interrupts. 0 critical input interrupts. 0 microseconds total spent on critical input interrupts, 0 microseconds max time in a critical input interrupt.",125fee2b,"<*> total interrupts. 0 critical input interrupts. 0 microseconds total spent on critical input interrupts, 0 microseconds max time in a critical input interrupt.",['10718']
1871,-,1133454611,2005.12.01,R16-M1-ND-C:J05-U11,2005-12-01-08.30.11.278697,R16-M1-ND-C:J05-U11,RAS,KERNEL,INFO,"10698 total interrupts. 0 critical input interrupts. 0 microseconds total spent on critical input interrupts, 0 microseconds max time in a critical input interrupt.",125fee2b,"<*> total interrupts. 0 critical input interrupts. 0 microseconds total spent on critical input interrupts, 0 microseconds max time in a critical input interrupt.",['10698']
1874,-,1133454634,2005.12.01,R01-M0-NC-C:J12-U01,2005-12-01-08.30.34.342940,R01-M0-NC-C:J12-U01,RAS,KERNEL,INFO,"10644 total interrupts. 0 critical input interrupts. 0 microseconds total spent on critical input interrupts, 0 microseconds max time in a critical input interrupt.",125fee2b,"<*> total interrupts. 0 critical input interrupts. 0 microseconds total spent on critical input interrupts, 0 microseconds max time in a critical input interrupt.",['10644']
1875,-,1133454715,2005.12.01,R11-M1-N3-C:J10-U01,2005-12-01-08.31.55.274517,R11-M1-N3-C:J10-U01,RAS,KERNEL,INFO,"10752 total interrupts. 0 critical input interrupts. 0 microseconds total spent on critical input interrupts, 0 microseconds max time in a critical input interrupt.",125fee2b,"<*> total interrupts. 0 critical input interrupts. 0 microseconds total spent on critical input interrupts, 0 microseconds max time in a critical input interrupt.",['10752']
1876,-,1133454722,2005.12.01,R11-M1-ND-C:J09-U01,2005-12-01-08.32.02.378980,R11-M1-ND-C:J09-U01,RAS,KERNEL,INFO,"10698 total interrupts. 0 critical input interrupts. 0 microseconds total spent on critical input interrupts, 0 microseconds max time in a critical input interrupt.",125fee2b,"<*> total interrupts. 0 critical input interrupts. 0 microseconds total spent on critical input interrupts, 0 microseconds max time in a critical input interrupt.",['10698']
1877,-,1133454732,2005.12.01,R07-M1-N7-C:J07-U01,2005-12-01-08.32.12.649613,R07-M1-N7-C:J07-U01,RAS,KERNEL,INFO,"10666 total interrupts. 0 critical input interrupts. 0 microseconds total spent on critical input interrupts, 0 microseconds max time in a critical input interrupt.",125fee2b,"<*> total interrupts. 0 critical input interrupts. 0 microseconds total spent on critical input interrupts, 0 microseconds max time in a critical input interrupt.",['10666']
1879,-,1133454737,2005.12.01,R50-M1-NA-C:J11-U11,2005-12-01-08.32.17.451081,R50-M1-NA-C:J11-U11,RAS,KERNEL,INFO,"10738 total interrupts. 0 critical input interrupts. 0 microseconds total spent on critical input interrupts, 0 microseconds max time in a critical input interrupt.",125fee2b,"<*> total interrupts. 0 critical input interrupts. 0 microseconds total spent on critical input interrupts, 0 microseconds max time in a critical input interrupt.",['10738']
1881,-,1133454748,2005.12.01,R36-M1-NA-C:J05-U11,2005-12-01-08.32.28.589350,R36-M1-NA-C:J05-U11,RAS,KERNEL,INFO,"10744 total interrupts. 0 critical input interrupts. 0 microseconds total spent on critical input interrupts, 0 microseconds max time in a critical input interrupt.",125fee2b,"<*> total interrupts. 0 critical input interrupts. 0 microseconds total spent on critical input interrupts, 0 microseconds max time in a critical input interrupt.",['10744']
1884,-,1133454886,2005.12.01,R32-M0-NB-C:J14-U01,2005-12-01-08.34.46.529035,R32-M0-NB-C:J14-U01,RAS,KERNEL,INFO,"10663 total interrupts. 0 critical input interrupts. 0 microseconds total spent on critical input interrupts, 0 microseconds max time in a critical input interrupt.",125fee2b,"<*> total interrupts. 0 critical input interrupts. 0 microseconds total spent on critical input interrupts, 0 microseconds max time in a critical input interrupt.",['10663']
1885,-,1133454886,2005.12.01,R35-M0-N5-C:J16-U01,2005-12-01-08.34.46.559803,R35-M0-N5-C:J16-U01,RAS,KERNEL,INFO,"10766 total interrupts. 0 critical input interrupts. 0 microseconds total spent on critical input interrupts, 0 microseconds max time in a critical input interrupt.",125fee2b,"<*> total interrupts. 0 critical input interrupts. 0 microseconds total spent on critical input interrupts, 0 microseconds max time in a critical input interrupt.",['10766']
1891,-,1133455058,2005.12.01,R53-M1-N9-C:J11-U11,2005-12-01-08.37.38.478575,R53-M1-N9-C:J11-U11,RAS,KERNEL,INFO,"10722 total interrupts. 0 critical input interrupts. 0 microseconds total spent on critical input interrupts, 0 microseconds max time in a critical input interrupt.",125fee2b,"<*> total interrupts. 0 critical input interrupts. 0 microseconds total spent on critical input interrupts, 0 microseconds max time in a critical input interrupt.",['10722']
1892,-,1133455064,2005.12.01,R52-M0-N5-C:J04-U01,2005-12-01-08.37.44.951513,R52-M0-N5-C:J04-U01,RAS,KERNEL,INFO,"10680 total interrupts. 0 critical input interrupts. 0 microseconds total spent on critical input interrupts, 0 microseconds max time in a critical input interrupt.",125fee2b,"<*> total interrupts. 0 critical input interrupts. 0 microseconds total spent on critical input interrupts, 0 microseconds max time in a critical input interrupt.",['10680']
1893,-,1133455066,2005.12.01,R77-M1-N7-C:J08-U11,2005-12-01-08.37.46.082541,R77-M1-N7-C:J08-U11,RAS,KERNEL,INFO,"10740 total interrupts. 0 critical input interrupts. 0 microseconds total spent on critical input interrupts, 0 microseconds max time in a critical input interrupt.",125fee2b,"<*> total interrupts. 0 critical input interrupts. 0 microseconds total spent on critical input interrupts, 0 microseconds max time in a critical input interrupt.",['10740']
1896,-,1133455122,2005.12.01,R53-M1-N8-C:J08-U11,2005-12-01-08.38.42.253020,R53-M1-N8-C:J08-U11,RAS,KERNEL,INFO,"10684 total interrupts. 0 critical input interrupts. 0 microseconds total spent on critical input interrupts, 0 microseconds max time in a critical input interrupt.",125fee2b,"<*> total interrupts. 0 critical input interrupts. 0 microseconds total spent on critical input interrupts, 0 microseconds max time in a critical input interrupt.",['10684']
1899,-,1133455140,2005.12.01,R71-M0-NC-C:J14-U01,2005-12-01-08.39.00.094017,R71-M0-NC-C:J14-U01,RAS,KERNEL,INFO,"10616 total interrupts. 0 critical input interrupts. 0 microseconds total spent on critical input interrupts, 0 microseconds max time in a critical input interrupt.",125fee2b,"<*> total interrupts. 0 critical input interrupts. 0 microseconds total spent on critical input interrupts, 0 microseconds max time in a critical input interrupt.",['10616']
1900,-,1133455156,2005.12.01,R76-M1-N4-C:J06-U11,2005-12-01-08.39.16.294851,R76-M1-N4-C:J06-U11,RAS,KERNEL,INFO,"10754 total interrupts. 0 critical input interrupts. 0 microseconds total spent on critical input interrupts, 0 microseconds max time in a critical input interrupt.",125fee2b,"<*> total interrupts. 0 critical input interrupts. 0 microseconds total spent on critical input interrupts, 0 microseconds max time in a critical input interrupt.",['10754']
1901,-,1133455159,2005.12.01,R60-M0-N4-C:J05-U11,2005-12-01-08.39.19.744712,R60-M0-N4-C:J05-U11,RAS,KERNEL,INFO,"10668 total interrupts. 0 critical input interrupts. 0 microseconds total spent on critical input interrupts, 0 microseconds max time in a critical input interrupt.",125fee2b,"<*> total interrupts. 0 critical input interrupts. 0 microseconds total spent on critical input interrupts, 0 microseconds max time in a critical input interrupt.",['10668']
1902,-,1133455262,2005.12.01,R61-M0-N7-C:J14-U11,2005-12-01-08.41.02.009575,R61-M0-N7-C:J14-U11,RAS,KERNEL,INFO,"10708 total interrupts. 0 critical input interrupts. 0 microseconds total spent on critical input interrupts, 0 microseconds max time in a critical input interrupt.",125fee2b,"<*> total interrupts. 0 critical input interrupts. 0 microseconds total spent on critical input interrupts, 0 microseconds max time in a critical input interrupt.",['10708']
1903,-,1133455272,2005.12.01,R65-M0-NE-C:J10-U11,2005-12-01-08.41.12.059696,R65-M0-NE-C:J10-U11,RAS,KERNEL,INFO,"10676 total interrupts. 0 critical input interrupts. 0 microseconds total spent on critical input interrupts, 0 microseconds max time in a critical input interrupt.",125fee2b,"<*> total interrupts. 0 critical input interrupts. 0 microseconds total spent on critical input interrupts, 0 microseconds max time in a critical input interrupt.",['10676']
1904,-,1133455288,2005.12.01,R41-M1-NF-C:J04-U01,2005-12-01-08.41.28.414439,R41-M1-NF-C:J04-U01,RAS,KERNEL,INFO,"10640 total interrupts. 0 critical input interrupts. 0 microseconds total spent on critical input interrupts, 0 microseconds max time in a critical input interrupt.",125fee2b,"<*> total interrupts. 0 critical input interrupts. 0 microseconds total spent on critical input interrupts, 0 microseconds max time in a critical input interrupt.",['10640']
1905,-,1133455300,2005.12.01,R66-M0-N9-C:J08-U11,2005-12-01-08.41.40.303515,R66-M0-N9-C:J08-U11,RAS,KERNEL,INFO,"10666 total interrupts. 0 critical input interrupts. 0 microseconds total spent on critical input interrupts, 0 microseconds max time in a critical input interrupt.",125fee2b,"<*> total interrupts. 0 critical input interrupts. 0 microseconds total spent on critical input interrupts, 0 microseconds max time in a critical input interrupt.",['10666']
1906,-,1133455302,2005.12.01,R70-M0-N8-C:J12-U11,2005-12-01-08.41.42.720184,R70-M0-N8-C:J12-U11,RAS,KERNEL,INFO,"10676 total interrupts. 0 critical input interrupts. 0 microseconds total spent on critical input interrupts, 0 microseconds max time in a critical input interrupt.",125fee2b,"<*> total interrupts. 0 critical input interrupts. 0 microseconds total spent on critical input interrupts, 0 microseconds max time in a critical input interrupt.",['10676']
1907,-,1133455305,2005.12.01,R66-M0-N5-C:J13-U11,2005-12-01-08.41.45.677601,R66-M0-N5-C:J13-U11,RAS,KERNEL,INFO,"10722 total interrupts. 0 critical input interrupts. 0 microseconds total spent on critical input interrupts, 0 microseconds max time in a critical input interrupt.",125fee2b,"<*> total interrupts. 0 critical input interrupts. 0 microseconds total spent on critical input interrupts, 0 microseconds max time in a critical input interrupt.",['10722']
1909,-,1133455322,2005.12.01,R66-M0-NC-C:J04-U11,2005-12-01-08.42.02.759879,R66-M0-NC-C:J04-U11,RAS,KERNEL,INFO,"10684 total interrupts. 0 critical input interrupts. 0 microseconds total spent on critical input interrupts, 0 microseconds max time in a critical input interrupt.",125fee2b,"<*> total interrupts. 0 critical input interrupts. 0 microseconds total spent on critical input interrupts, 0 microseconds max time in a critical input interrupt.",['10684']
1911,-,1133455467,2005.12.01,R40-M1-NE-C:J10-U11,2005-12-01-08.44.27.738774,R40-M1-NE-C:J10-U11,RAS,KERNEL,INFO,"10676 total interrupts. 0 critical input interrupts. 0 microseconds total spent on critical input interrupts, 0 microseconds max time in a critical input interrupt.",125fee2b,"<*> total interrupts. 0 critical input interrupts. 0 microseconds total spent on critical input interrupts, 0 microseconds max time in a critical input interrupt.",['10676']
1914,-,1133455494,2005.12.01,R44-M1-NC-C:J03-U01,2005-12-01-08.44.54.498009,R44-M1-NC-C:J03-U01,RAS,KERNEL,INFO,"10714 total interrupts. 0 critical input interrupts. 0 microseconds total spent on critical input interrupts, 0 microseconds max time in a critical input interrupt.",125fee2b,"<*> total interrupts. 0 critical input interrupts. 0 microseconds total spent on critical input interrupts, 0 microseconds max time in a critical input interrupt.",['10714']
1915,-,1133455498,2005.12.01,R45-M1-NC-C:J07-U01,2005-12-01-08.44.58.904349,R45-M1-NC-C:J07-U01,RAS,KERNEL,INFO,"10712 total interrupts. 0 critical input interrupts. 0 microseconds total spent on critical input interrupts, 0 microseconds max time in a critical input interrupt.",125fee2b,"<*> total interrupts. 0 critical input interrupts. 0 microseconds total spent on critical input interrupts, 0 microseconds max time in a critical input interrupt.",['10712']
1917,-,1133455517,2005.12.01,R43-M1-ND-C:J08-U01,2005-12-01-08.45.17.404927,R43-M1-ND-C:J08-U01,RAS,KERNEL,INFO,"10636 total interrupts. 0 critical input interrupts. 0 microseconds total spent on critical input interrupts, 0 microseconds max time in a critical input interrupt.",125fee2b,"<*> total interrupts. 0 critical input interrupts. 0 microseconds total spent on critical input interrupts, 0 microseconds max time in a critical input interrupt.",['10636']
1918,-,1133455621,2005.12.01,R26-M0-N9-C:J06-U01,2005-12-01-08.47.01.109678,R26-M0-N9-C:J06-U01,RAS,KERNEL,INFO,"10664 total interrupts. 0 critical input interrupts. 0 microseconds total spent on critical input interrupts, 0 microseconds max time in a critical input interrupt.",125fee2b,"<*> total interrupts. 0 critical input interrupts. 0 microseconds total spent on critical input interrupts, 0 microseconds max time in a critical input interrupt.",['10664']
1919,-,1133455631,2005.12.01,R24-M0-N5-C:J03-U11,2005-12-01-08.47.11.934066,R24-M0-N5-C:J03-U11,RAS,KERNEL,INFO,"10730 total interrupts. 0 critical input interrupts. 0 microseconds total spent on critical input interrupts, 0 microseconds max time in a critical input interrupt.",125fee2b,"<*> total interrupts. 0 critical input interrupts. 0 microseconds total spent on critical input interrupts, 0 microseconds max time in a critical input interrupt.",['10730']
1920,-,1133455641,2005.12.01,R27-M1-N6-C:J11-U11,2005-12-01-08.47.21.734190,R27-M1-N6-C:J11-U11,RAS,KERNEL,INFO,"10722 total interrupts. 0 critical input interrupts. 0 microseconds total spent on critical input interrupts, 0 microseconds max time in a critical input interrupt.",125fee2b,"<*> total interrupts. 0 critical input interrupts. 0 microseconds total spent on critical input interrupts, 0 microseconds max time in a critical input interrupt.",['10722']
1921,-,1133455641,2005.12.01,R23-M0-ND-C:J11-U11,2005-12-01-08.47.21.966726,R23-M0-ND-C:J11-U11,RAS,KERNEL,INFO,"10722 total interrupts. 0 critical input interrupts. 0 microseconds total spent on critical input interrupts, 0 microseconds max time in a critical input interrupt.",125fee2b,"<*> total interrupts. 0 critical input interrupts. 0 microseconds total spent on critical input interrupts, 0 microseconds max time in a critical input interrupt.",['10722']
1924,-,1133455648,2005.12.01,R23-M0-N2-C:J09-U11,2005-12-01-08.47.28.894064,R23-M0-N2-C:J09-U11,RAS,KERNEL,INFO,"10736 total interrupts. 0 critical input interrupts. 0 microseconds total spent on critical input interrupts, 0 microseconds max time in a critical input interrupt.",125fee2b,"<*> total interrupts. 0 critical input interrupts. 0 microseconds total spent on critical input interrupts, 0 microseconds max time in a critical input interrupt.",['10736']
1928,-,1133458296,2005.12.01,R00-M0-NA-C:J14-U11,2005-12-01-09.31.36.346830,R00-M0-NA-C:J14-U11,RAS,KERNEL,INFO,"720 total interrupts. 0 critical input interrupts. 0 microseconds total spent on critical input interrupts, 0 microseconds max time in a critical input interrupt.",125fee2b,"<*> total interrupts. 0 critical input interrupts. 0 microseconds total spent on critical input interrupts, 0 microseconds max time in a critical input interrupt.",['720']
1929,-,1133458363,2005.12.01,R00-M0-N8-C:J17-U01,2005-12-01-09.32.43.947020,R00-M0-N8-C:J17-U01,RAS,KERNEL,INFO,"720 total interrupts. 0 critical input interrupts. 0 microseconds total spent on critical input interrupts, 0 microseconds max time in a critical input interrupt.",125fee2b,"<*> total interrupts. 0 critical input interrupts. 0 microseconds total spent on critical input interrupts, 0 microseconds max time in a critical input interrupt.",['720']
1933,-,1133625592,2005.12.03,R06-M1-NF-C:J12-U01,2005-12-03-07.59.52.640827,R06-M1-NF-C:J12-U01,RAS,KERNEL,INFO,"1 ddr error(s) detected and corrected on rank 0, symbol 24 over 335 seconds",71fcff11,"<*> ddr error(s) detected and corrected on rank 0, symbol <*> over <*> seconds","['1', '24', '335']"
1935,-,1133638373,2005.12.03,R56-M0-NA-C:J15-U11,2005-12-03-11.32.53.165837,R56-M0-NA-C:J15-U11,RAS,KERNEL,INFO,"Kernel detected 35591540 integer alignment exceptions (35591533) iar 0x0023f108, dear 0x1feaa260 (35591534) iar 0x00265564, dear 0x1feaa1c0 (35591535) iar 0x00265574, dear 0x1feaa1e0 (35591536) iar 0x00265578, dear 0x1feaa200 (35591537) iar 0x00265588, dear 0x1feaa220 (35591538) iar 0x0026558c, dear 0x1feaa240 (35591539) iar 0x00265594, dear 0x1feaa260 (35591540) iar 0x00265598, dear 0x1feaa280",d9735fda,"Kernel detected 35591540 integer alignment exceptions (35591533) iar 0x0023f108, dear 0x1feaa260 (35591534) iar 0x00265564, dear 0x1feaa1c0 (35591535) iar 0x00265574, dear 0x1feaa1e0 (35591536) iar 0x00265578, dear 0x1feaa200 (35591537) iar 0x00265588, dear 0x1feaa220 (35591538) iar 0x0026558c, dear 0x1feaa240 (35591539) iar 0x00265594, dear 0x1feaa260 (35591540) iar 0x00265598, dear 0x1feaa280",[]
1943,-,1133715641,2005.12.04,R23-M0-NC-C:J05-U01,2005-12-04-09.00.41.190112,R23-M0-NC-C:J05-U01,RAS,KERNEL,INFO,"159 ddr error(s) detected and corrected on rank 0, symbol 29 over 2486 seconds",71fcff11,"<*> ddr error(s) detected and corrected on rank 0, symbol <*> over <*> seconds","['159', '29', '2486']"
1945,-,1133715868,2005.12.04,R06-M1-N6-C:J08-U01,2005-12-04-09.04.28.582086,R06-M1-N6-C:J08-U01,RAS,KERNEL,INFO,total of 1 ddr error(s) detected and corrected over 2487 seconds,8df7ac9e,total of <*> ddr error(s) detected and corrected over <*> seconds,"['1', '2487']"
1950,-,1133913870,2005.12.06,R01-M0-N0-C:J04-U01,2005-12-06-16.04.30.188673,R01-M0-N0-C:J04-U01,RAS,KERNEL,INFO,"critical input interrupt (unit=0x0b bit=0x17): warning for tree C1 wire, suppressing further interrupts of same type",825e06cc,"critical input interrupt (unit=0x0b <*> warning for <*> <*> wire, suppressing further interrupts of same type","['bit=0x17):', 'tree C1']"
1952,-,1133925845,2005.12.06,R36-M0-N2-C:J05-U01,2005-12-06-19.24.05.504553,R36-M0-N2-C:J05-U01,RAS,KERNEL,INFO,"Kernel detected 3830884 integer alignment exceptions (3830877) iar 0x00544ea8, dear 0x01fc1ba0 (3830878) iar 0x00544eb8, dear 0x01fc1bc0 (3830879) iar 0x00544ea8, dear 0x01fc1be0 (3830880) iar 0x00544eb8, dear 0x01fc1c00 (3830881) iar 0x00544ee0, dear 0x01fc1c20 (3830882) iar 0x00544ef0, dear 0x01fc1c40 (3830883) iar 0x00544ee0, dear 0x01fc1c60 (3830884) iar 0x00544ef0, dear 0x01fc1c80",9d143d9b,"Kernel detected <*> integer alignment exceptions <*> iar 0x00544ea8, dear <*> <*> iar 0x00544eb8, dear <*> <*> iar 0x00544ea8, dear <*> <*> iar 0x00544eb8, dear <*> <*> iar 0x00544ee0, dear <*> <*> iar 0x00544ef0, dear <*> <*> iar 0x00544ee0, dear <*> <*> iar 0x00544ef0, dear <*>","['3830884', '(3830877)', '0x01fc1ba0 (3830878)', '0x01fc1bc0 (3830879)', '0x01fc1be0 (3830880)', '0x01fc1c00 (3830881)', '0x01fc1c20 (3830882)', '0x01fc1c40 (3830883)', '0x01fc1c60 (3830884)', '0x01fc1c80']"
1953,-,1133926478,2005.12.06,R27-M0-NB-C:J08-U01,2005-12-06-19.34.38.822749,R27-M0-NB-C:J08-U01,RAS,KERNEL,INFO,"Kernel detected 3853444 integer alignment exceptions (3853437) iar 0x00544ea8, dear 0x01ef5e20 (3853438) iar 0x00544eb8, dear 0x01ef5e40 (3853439) iar 0x00544ea8, dear 0x01ef5e60 (3853440) iar 0x00544eb8, dear 0x01ef5e80 (3853441) iar 0x00544ee0, dear 0x01ef5ea0 (3853442) iar 0x00544ef0, dear 0x01ef5ec0 (3853443) iar 0x00544ee0, dear 0x01ef5ee0 (3853444) iar 0x00544ef0, dear 0x01ef5f00",9d143d9b,"Kernel detected <*> integer alignment exceptions <*> iar 0x00544ea8, dear <*> <*> iar 0x00544eb8, dear <*> <*> iar 0x00544ea8, dear <*> <*> iar 0x00544eb8, dear <*> <*> iar 0x00544ee0, dear <*> <*> iar 0x00544ef0, dear <*> <*> iar 0x00544ee0, dear <*> <*> iar 0x00544ef0, dear <*>","['3853444', '(3853437)', '0x01ef5e20 (3853438)', '0x01ef5e40 (3853439)', '0x01ef5e60 (3853440)', '0x01ef5e80 (3853441)', '0x01ef5ea0 (3853442)', '0x01ef5ec0 (3853443)', '0x01ef5ee0 (3853444)', '0x01ef5f00']"
1954,-,1133926732,2005.12.06,R27-M1-NF-C:J17-U01,2005-12-06-19.38.52.768522,R27-M1-NF-C:J17-U01,RAS,KERNEL,INFO,"Kernel detected 3747792 integer alignment exceptions (3747785) iar 0x00544ea8, dear 0x01fc9220 (3747786) iar 0x00544eb8, dear 0x01fc9240 (3747787) iar 0x00544ea8, dear 0x01fc9260 (3747788) iar 0x00544eb8, dear 0x01fc9280 (3747789) iar 0x00544ee0, dear 0x01fc92a0 (3747790) iar 0x00544ef0, dear 0x01fc92c0 (3747791) iar 0x00544ee0, dear 0x01fc92e0 (3747792) iar 0x00544ef0, dear 0x01fc9300",9d143d9b,"Kernel detected <*> integer alignment exceptions <*> iar 0x00544ea8, dear <*> <*> iar 0x00544eb8, dear <*> <*> iar 0x00544ea8, dear <*> <*> iar 0x00544eb8, dear <*> <*> iar 0x00544ee0, dear <*> <*> iar 0x00544ef0, dear <*> <*> iar 0x00544ee0, dear <*> <*> iar 0x00544ef0, dear <*>","['3747792', '(3747785)', '0x01fc9220 (3747786)', '0x01fc9240 (3747787)', '0x01fc9260 (3747788)', '0x01fc9280 (3747789)', '0x01fc92a0 (3747790)', '0x01fc92c0 (3747791)', '0x01fc92e0 (3747792)', '0x01fc9300']"
1955,-,1133928125,2005.12.06,R36-M0-N7-C:J09-U11,2005-12-06-20.02.05.596871,R36-M0-N7-C:J09-U11,RAS,KERNEL,INFO,"Kernel detected 3946290 integer alignment exceptions (3946283) iar 0x00544ea8, dear 0x01ef6080 (3946284) iar 0x00544eb8, dear 0x01ef60a0 (3946285) iar 0x00544ea8, dear 0x01ef60c0 (3946286) iar 0x00544eb8, dear 0x01ef60e0 (3946287) iar 0x00544ee0, dear 0x01ef6100 (3946288) iar 0x00544ef0, dear 0x01ef6120 (3946289) iar 0x00544ee0, dear 0x01ef6140 (3946290) iar 0x00544ef0, dear 0x01ef6160",9d143d9b,"Kernel detected <*> integer alignment exceptions <*> iar 0x00544ea8, dear <*> <*> iar 0x00544eb8, dear <*> <*> iar 0x00544ea8, dear <*> <*> iar 0x00544eb8, dear <*> <*> iar 0x00544ee0, dear <*> <*> iar 0x00544ef0, dear <*> <*> iar 0x00544ee0, dear <*> <*> iar 0x00544ef0, dear <*>","['3946290', '(3946283)', '0x01ef6080 (3946284)', '0x01ef60a0 (3946285)', '0x01ef60c0 (3946286)', '0x01ef60e0 (3946287)', '0x01ef6100 (3946288)', '0x01ef6120 (3946289)', '0x01ef6140 (3946290)', '0x01ef6160']"
1956,-,1133928278,2005.12.06,R26-M0-N9-C:J11-U01,2005-12-06-20.04.38.539848,R26-M0-N9-C:J11-U01,RAS,KERNEL,INFO,"Kernel detected 4909176 integer alignment exceptions (4909169) iar 0x00544ea8, dear 0x01fc8a40 (4909170) iar 0x00544eb8, dear 0x01fc8a60 (4909171) iar 0x00544ea8, dear 0x01fc8a80 (4909172) iar 0x00544eb8, dear 0x01fc8aa0 (4909173) iar 0x00544ee0, dear 0x01fc8ac0 (4909174) iar 0x00544ef0, dear 0x01fc8ae0 (4909175) iar 0x00544ee0, dear 0x01fc8b00 (4909176) iar 0x00544ef0, dear 0x01fc8b20",9d143d9b,"Kernel detected <*> integer alignment exceptions <*> iar 0x00544ea8, dear <*> <*> iar 0x00544eb8, dear <*> <*> iar 0x00544ea8, dear <*> <*> iar 0x00544eb8, dear <*> <*> iar 0x00544ee0, dear <*> <*> iar 0x00544ef0, dear <*> <*> iar 0x00544ee0, dear <*> <*> iar 0x00544ef0, dear <*>","['4909176', '(4909169)', '0x01fc8a40 (4909170)', '0x01fc8a60 (4909171)', '0x01fc8a80 (4909172)', '0x01fc8aa0 (4909173)', '0x01fc8ac0 (4909174)', '0x01fc8ae0 (4909175)', '0x01fc8b00 (4909176)', '0x01fc8b20']"
1957,-,1133928323,2005.12.06,R31-M0-NF-C:J07-U11,2005-12-06-20.05.23.094186,R31-M0-NF-C:J07-U11,RAS,KERNEL,INFO,"Kernel detected 4898338 integer alignment exceptions (4898331) iar 0x00544ea8, dear 0x049e75e0 (4898332) iar 0x00544eb8, dear 0x049e7600 (4898333) iar 0x00544ea8, dear 0x049e7620 (4898334) iar 0x00544eb8, dear 0x049e7640 (4898335) iar 0x00544ee0, dear 0x049e7660 (4898336) iar 0x00544ef0, dear 0x049e7680 (4898337) iar 0x00544ee0, dear 0x049e76a0 (4898338) iar 0x00544ef0, dear 0x049e76c0",9d143d9b,"Kernel detected <*> integer alignment exceptions <*> iar 0x00544ea8, dear <*> <*> iar 0x00544eb8, dear <*> <*> iar 0x00544ea8, dear <*> <*> iar 0x00544eb8, dear <*> <*> iar 0x00544ee0, dear <*> <*> iar 0x00544ef0, dear <*> <*> iar 0x00544ee0, dear <*> <*> iar 0x00544ef0, dear <*>","['4898338', '(4898331)', '0x049e75e0 (4898332)', '0x049e7600 (4898333)', '0x049e7620 (4898334)', '0x049e7640 (4898335)', '0x049e7660 (4898336)', '0x049e7680 (4898337)', '0x049e76a0 (4898338)', '0x049e76c0']"
1958,-,1133928447,2005.12.06,R37-M1-N1-C:J02-U01,2005-12-06-20.07.27.653573,R37-M1-N1-C:J02-U01,RAS,KERNEL,INFO,"Kernel detected 3945740 integer alignment exceptions (3945733) iar 0x00544ea8, dear 0x01ef7960 (3945734) iar 0x00544eb8, dear 0x01ef7980 (3945735) iar 0x00544ea8, dear 0x01ef79a0 (3945736) iar 0x00544eb8, dear 0x01ef79c0 (3945737) iar 0x00544ee0, dear 0x01ef79e0 (3945738) iar 0x00544ef0, dear 0x01ef7a00 (3945739) iar 0x00544ee0, dear 0x01ef7a20 (3945740) iar 0x00544ef0, dear 0x01ef7a40",9d143d9b,"Kernel detected <*> integer alignment exceptions <*> iar 0x00544ea8, dear <*> <*> iar 0x00544eb8, dear <*> <*> iar 0x00544ea8, dear <*> <*> iar 0x00544eb8, dear <*> <*> iar 0x00544ee0, dear <*> <*> iar 0x00544ef0, dear <*> <*> iar 0x00544ee0, dear <*> <*> iar 0x00544ef0, dear <*>","['3945740', '(3945733)', '0x01ef7960 (3945734)', '0x01ef7980 (3945735)', '0x01ef79a0 (3945736)', '0x01ef79c0 (3945737)', '0x01ef79e0 (3945738)', '0x01ef7a00 (3945739)', '0x01ef7a20 (3945740)', '0x01ef7a40']"
1959,-,1133928743,2005.12.06,R36-M0-NE-C:J13-U01,2005-12-06-20.12.23.534341,R36-M0-NE-C:J13-U01,RAS,KERNEL,INFO,"Kernel detected 3486044 integer alignment exceptions (3486037) iar 0x00544ea8, dear 0x01ef7c60 (3486038) iar 0x00544eb8, dear 0x01ef7c80 (3486039) iar 0x00544ea8, dear 0x01ef7ca0 (3486040) iar 0x00544eb8, dear 0x01ef7cc0 (3486041) iar 0x00544ee0, dear 0x01ef7ce0 (3486042) iar 0x00544ef0, dear 0x01ef7d00 (3486043) iar 0x00544ee0, dear 0x01ef7d20 (3486044) iar 0x00544ef0, dear 0x01ef7d40",9d143d9b,"Kernel detected <*> integer alignment exceptions <*> iar 0x00544ea8, dear <*> <*> iar 0x00544eb8, dear <*> <*> iar 0x00544ea8, dear <*> <*> iar 0x00544eb8, dear <*> <*> iar 0x00544ee0, dear <*> <*> iar 0x00544ef0, dear <*> <*> iar 0x00544ee0, dear <*> <*> iar 0x00544ef0, dear <*>","['3486044', '(3486037)', '0x01ef7c60 (3486038)', '0x01ef7c80 (3486039)', '0x01ef7ca0 (3486040)', '0x01ef7cc0 (3486041)', '0x01ef7ce0 (3486042)', '0x01ef7d00 (3486043)', '0x01ef7d20 (3486044)', '0x01ef7d40']"
1962,-,1134117490,2005.12.09,R70-M0-N7-C:J15-U01,2005-12-09-00.38.10.632331,R70-M0-N7-C:J15-U01,RAS,KERNEL,INFO,"1 ddr error(s) detected and corrected on rank 0, symbol 9 over 986 seconds",71fcff11,"<*> ddr error(s) detected and corrected on rank 0, symbol <*> over <*> seconds","['1', '9', '986']"
1963,-,1134130421,2005.12.09,R34-M1-NB-C:J17-U11,2005-12-09-04.13.41.810977,R34-M1-NB-C:J17-U11,RAS,KERNEL,INFO,total of 5 ddr error(s) detected and corrected over 9108 seconds,8df7ac9e,total of <*> ddr error(s) detected and corrected over <*> seconds,"['5', '9108']"
1972,-,1134259774,2005.12.10,R15-M1-NE-C:J06-U01,2005-12-10-16.09.34.106950,R15-M1-NE-C:J06-U01,RAS,KERNEL,INFO,"28 ddr error(s) detected and corrected on rank 0, symbol 21 over 11562 seconds",71fcff11,"<*> ddr error(s) detected and corrected on rank 0, symbol <*> over <*> seconds","['28', '21', '11562']"
1973,APPOUT,1134357549,2005.12.11,R63-M1-N0-I:J18-U11,2005-12-11-19.19.09.737509,R63-M1-N0-I:J18-U11,RAS,APP,FATAL,ciod: LOGIN chdir(/p/gb1/stella/RAPTOR/2183) failed: Input/output error,a77244af,ciod: LOGIN chdir(/p/gb1/stella/RAPTOR/2183) failed: Input/output error,[]
1974,APPSEV,1134496355,2005.12.13,R74-M1-N8-I:J18-U11,2005-12-13-09.52.35.527182,R74-M1-N8-I:J18-U11,RAS,APP,FATAL,"ciod: Error reading message prefix on CioStream socket to 172.16.96.116:55929, Link has been severed",ad69fd32,ciod: Error reading message prefix on CioStream socket to <*> <*> <*> <*> <*>,"['172.16.96.116:55929,', 'Link', 'has been severed']"
1975,APPSEV,1134496398,2005.12.13,R44-M0-N4-I:J18-U01,2005-12-13-09.53.18.260783,R44-M0-N4-I:J18-U01,RAS,APP,FATAL,"ciod: Error reading message prefix on CioStream socket to 172.16.96.116:56170, Link has been severed",ad69fd32,ciod: Error reading message prefix on CioStream socket to <*> <*> <*> <*> <*>,"['172.16.96.116:56170,', 'Link', 'has been severed']"
1976,-,1134530536,2005.12.13,R74-M1-N0-C:J12-U01,2005-12-13-19.22.16.368819,R74-M1-N0-C:J12-U01,RAS,KERNEL,INFO,"2 ddr error(s) detected and corrected on rank 0, symbol 28 over 3365 seconds",71fcff11,"<*> ddr error(s) detected and corrected on rank 0, symbol <*> over <*> seconds","['2', '28', '3365']"
1978,-,1134601394,2005.12.14,R42-M1-N2-C:J03-U11,2005-12-14-15.03.14.212440,R42-M1-N2-C:J03-U11,RAS,KERNEL,INFO,"critical input interrupt (unit=0x0b bit=0x0a): warning for torus z+ wire, suppressing further interrupts of same type",825e06cc,"critical input interrupt (unit=0x0b <*> warning for <*> <*> wire, suppressing further interrupts of same type","['bit=0x0a):', 'torus z+']"
1979,-,1134623156,2005.12.14,R61-M0-N8-C:J17-U11,2005-12-14-21.05.56.145306,R61-M0-N8-C:J17-U11,RAS,KERNEL,INFO,"2 ddr error(s) detected and corrected on rank 0, symbol 34 over 2738 seconds",71fcff11,"<*> ddr error(s) detected and corrected on rank 0, symbol <*> over <*> seconds","['2', '34', '2738']"
1980,-,1134626183,2005.12.14,R74-M1-N0-C:J12-U01,2005-12-14-21.56.23.782819,R74-M1-N0-C:J12-U01,RAS,KERNEL,INFO,"5 ddr error(s) detected and corrected on rank 0, symbol 28 over 2946 seconds",71fcff11,"<*> ddr error(s) detected and corrected on rank 0, symbol <*> over <*> seconds","['5', '28', '2946']"
1981,APPSEV,1134630981,2005.12.14,R37-M1-N8-I:J18-U11,2005-12-14-23.16.21.740107,R37-M1-N8-I:J18-U11,RAS,APP,FATAL,"ciod: Error reading message prefix on CioStream socket to 172.16.96.116:49934, Link has been severed",ad69fd32,ciod: Error reading message prefix on CioStream socket to <*> <*> <*> <*> <*>,"['172.16.96.116:49934,', 'Link', 'has been severed']"
1982,APPSEV,1134631019,2005.12.14,R32-M0-NC-I:J18-U01,2005-12-14-23.16.59.947676,R32-M0-NC-I:J18-U01,RAS,APP,FATAL,"ciod: Error reading message prefix on CioStream socket to 172.16.96.116:50288, Link has been severed",ad69fd32,ciod: Error reading message prefix on CioStream socket to <*> <*> <*> <*> <*>,"['172.16.96.116:50288,', 'Link', 'has been severed']"
1983,-,1134748483,2005.12.16,R60-M1-N7-C:J17-U01,2005-12-16-07.54.43.245870,R60-M1-N7-C:J17-U01,RAS,KERNEL,INFO,total of 20 ddr error(s) detected and corrected over 22070 seconds,8df7ac9e,total of <*> ddr error(s) detected and corrected over <*> seconds,"['20', '22070']"
1984,-,1134784680,2005.12.16,R66-M0-N8-I:J18-U01,2005-12-16-17.58.00.577715,R66-M0-N8-I:J18-U01,RAS,KERNEL,INFO,ciod: pollControlDescriptors: Detected the debugger died.,2355b700,ciod: pollControlDescriptors: Detected the debugger died.,[]
1985,-,1134929456,2005.12.18,R30-M1-N3-C:J13-U01,2005-12-18-10.10.56.366499,R30-M1-N3-C:J13-U01,RAS,KERNEL,INFO,2 L3 EDRAM error(s) (dcr 0x0157) detected and corrected over 282 seconds,58b7753b,2 L3 EDRAM error(s) (dcr 0x0157) detected and corrected over 282 seconds,[]
1986,-,1134954903,2005.12.18,R13-M1-N1-C:J03-U01,2005-12-18-17.15.03.147145,R13-M1-N1-C:J03-U01,RAS,KERNEL,INFO,total of 3 ddr error(s) detected and corrected over 8732 seconds,8df7ac9e,total of <*> ddr error(s) detected and corrected over <*> seconds,"['3', '8732']"
1987,-,1135050698,2005.12.19,R77-M1-NC-I:J18-U01,2005-12-19-19.51.38.151363,R77-M1-NC-I:J18-U01,RAS,KERNEL,INFO,ciod: pollControlDescriptors: Detected the debugger died.,2355b700,ciod: pollControlDescriptors: Detected the debugger died.,[]
1989,-,1135178837,2005.12.21,R62-M0-N4-I:J18-U01,2005-12-21-07.27.17.749308,R62-M0-N4-I:J18-U01,RAS,APP,FATAL,"ciod: Error loading /g/g24/buber/Yunsic/BlueGene/partad.develf/taddriver.32.exe: program image too big, 361544528 > 266076160",1239cef9,"ciod: Error loading /g/g24/buber/Yunsic/BlueGene/partad.develf/taddriver.32.exe: program image too big, 361544528 > 266076160",[]
1990,-,1135579635,2005.12.25,R62-M1-NA-C:J04-U01,2005-12-25-22.47.15.963417,R62-M1-NA-C:J04-U01,RAS,KERNEL,FATAL,fpr29=0xffffffff ffffffff ffffffff ffffffff,1a068bbf,fpr29=0xffffffff ffffffff ffffffff ffffffff,[]
